,answer_count,articles_count,avatar_url,avatar_url_template,badge,follower_count,gender,headline,id,is_advertiser,is_followed,is_following,is_org,name,type,url,url_token,user_type
0,11,0,https://pic1.zhimg.com/v2-b64a74f59f6ac3c1fa5d969ed3b7ae18_is.jpg,https://pic1.zhimg.com/v2-b64a74f59f6ac3c1fa5d969ed3b7ae18_{size}.jpg,[],211,0,跌入开发坑的算法狗,c61d973c24ebe7ea543ab522df9cc7a8,False,False,False,False,miss.fish,people,http://www.zhihu.com/api/v4/people/c61d973c24ebe7ea543ab522df9cc7a8,madison-yu,people
1,1,0,https://pic3.zhimg.com/v2-a036bcbea41c12dd846e33d60af05351_is.jpg,https://pic3.zhimg.com/v2-a036bcbea41c12dd846e33d60af05351_{size}.jpg,[],136,0,认真的喜欢,b971b313f64a6c098ad84fa98a80b110,False,False,False,False,咪魔王,people,http://www.zhihu.com/api/v4/people/b971b313f64a6c098ad84fa98a80b110,zhang-fu-jia-shi-wen,people
2,500,66,https://pic2.zhimg.com/0f56a078537d2faf209241edaf359e90_is.jpg,https://pic2.zhimg.com/0f56a078537d2faf209241edaf359e90_{size}.jpg,[],110924,1,体能训练专家，战术格斗体系训练专家，康复体能训练，在国家队及军警多部门执教,32c6b1f3afac19e9fada09e810c85fb6,False,False,False,False,继续者张付,people,http://www.zhihu.com/api/v4/people/32c6b1f3afac19e9fada09e810c85fb6,ji-xu-zhe-zhang,people
3,1,0,https://pic2.zhimg.com/v2-f14553333f2f3008dcaab3f2c334f728_is.jpg,https://pic2.zhimg.com/v2-f14553333f2f3008dcaab3f2c334f728_{size}.jpg,[],22,0,学生,dd9968d26bc614fb01d2744fc441a9fa,False,False,False,False,寻找宋词,people,http://www.zhihu.com/api/v4/people/dd9968d26bc614fb01d2744fc441a9fa,tang-shi-75-72,people
4,73,0,https://pic1.zhimg.com/c4bf7b0e8392770db6a65f92447556ce_is.jpg,https://pic1.zhimg.com/c4bf7b0e8392770db6a65f92447556ce_{size}.jpg,[],972,0,自动化专业 | 应用系统工程师,2a499020807bd784f0b42bdcf57c7753,False,False,False,False,沃利贝尔,people,http://www.zhihu.com/api/v4/people/2a499020807bd784f0b42bdcf57c7753,jin-xin-yi-59,people
5,3,0,https://pic2.zhimg.com/v2-ba4d1538837a86c8fefd220525f44f2d_is.jpg,https://pic2.zhimg.com/v2-ba4d1538837a86c8fefd220525f44f2d_{size}.jpg,[],44,0,,6ca4b0ac8df5a770768c43fdabeb5003,False,False,False,False,如水,people,http://www.zhihu.com/api/v4/people/6ca4b0ac8df5a770768c43fdabeb5003,liu-liu-liu-1-35-80,people
6,386,234,https://pic1.zhimg.com/f843a266e4ce2dd9f730f6313273a8af_is.jpg,https://pic1.zhimg.com/f843a266e4ce2dd9f730f6313273a8af_{size}.jpg,"[{'type': 'identity', 'description': '妇产科学硕士'}]",170584,1,妇产科医生,5ca1fa549192495bbe203eda10839b38,False,False,False,False,六层楼,people,http://www.zhihu.com/api/v4/people/5ca1fa549192495bbe203eda10839b38,liu-ceng-lou,people
7,1,0,https://pic1.zhimg.com/v2-b5a411e0aed9f9da60c0ff96b1003be4_is.jpg,https://pic1.zhimg.com/v2-b5a411e0aed9f9da60c0ff96b1003be4_{size}.jpg,[],130,0,,c7960e474a47d0fd1607498dd7a7af38,False,False,False,False,wymyxyf,people,http://www.zhihu.com/api/v4/people/c7960e474a47d0fd1607498dd7a7af38,777fs,people
8,195,4,https://pic1.zhimg.com/299b23cf0a6bc5076831958b8e8a16b1_is.jpg,https://pic1.zhimg.com/299b23cf0a6bc5076831958b8e8a16b1_{size}.jpg,"[{'topics': [{'url': 'http://www.zhihu.com/api/v4/topics/19554298', 'avatar_url': 'https://pic1.zhimg.com/v2-4030982b9aed71d12b350a4c3ba5078d_is.jpg', 'name': '编程', 'introduction': '人们为了让计算机解决各种棘手的问题，使用编程语言<b>编写程序代码</b>并通过计算机运算得到最终结果的过程。', 'type': 'topic', 'excerpt': '人们为了让计算机解决各种棘手的问题，使用编程语言编写程序代码并通过计算机运算得到最终结果的过程。', 'id': '19554298'}], 'type': 'best_answerer', 'description': '优秀回答者'}]",4985,1,Helloworld 达人,059b2cc081cd384e13442d4285a1e9ff,False,False,False,False,luikore,people,http://www.zhihu.com/api/v4/people/059b2cc081cd384e13442d4285a1e9ff,luikore,people
9,1,0,https://pic4.zhimg.com/v2-55e055e44c8f7c598c0dd729e7e0cad5_is.jpg,https://pic4.zhimg.com/v2-55e055e44c8f7c598c0dd729e7e0cad5_{size}.jpg,[],278,0,新知乎小透明,e70c6471d0be3c94dd1a01c7fe41c3ae,False,False,False,False,薛婷,people,http://www.zhihu.com/api/v4/people/e70c6471d0be3c94dd1a01c7fe41c3ae,xie-ting-79-6,people
10,11,1,https://pic4.zhimg.com/v2-4345f37057e13876151d555925808eae_is.jpg,https://pic4.zhimg.com/v2-4345f37057e13876151d555925808eae_{size}.jpg,[],136,0,描述不了自己。,5380901c7e2ab26c5dfee1241830f38e,False,False,False,False,皇家大西瓜,people,http://www.zhihu.com/api/v4/people/5380901c7e2ab26c5dfee1241830f38e,huang-jia-da-xi-gua-92,people
11,0,0,https://pic3.zhimg.com/v2-282d001d1dc7ea32df5e9762b20d4802_is.jpg,https://pic3.zhimg.com/v2-282d001d1dc7ea32df5e9762b20d4802_{size}.jpg,[],577,0,小透明,64fc1560da5626052642a1c6e51d57db,False,False,False,False,王晓娟,people,http://www.zhihu.com/api/v4/people/64fc1560da5626052642a1c6e51d57db,wang-xiao-juan-54-5,people
12,4,0,https://pic3.zhimg.com/v2-8a909aa26852f8d1c189cbe52963e7ea_is.jpg,https://pic3.zhimg.com/v2-8a909aa26852f8d1c189cbe52963e7ea_{size}.jpg,[],593,0,,9e9948e44d86b84fe2485d3257bfb271,False,False,False,False,yuya,people,http://www.zhihu.com/api/v4/people/9e9948e44d86b84fe2485d3257bfb271,yuya-2,people
13,4,0,https://pic1.zhimg.com/v2-e76c39fd3af46b1ec86df4cefbc2221a_is.jpg,https://pic1.zhimg.com/v2-e76c39fd3af46b1ec86df4cefbc2221a_{size}.jpg,[],653,0,脱兔,e2ba3c03f928ec872c414d01ed12f51e,False,False,False,False,七七大人quq,people,http://www.zhihu.com/api/v4/people/e2ba3c03f928ec872c414d01ed12f51e,qi-qi-da-ren-quq,people
14,4,0,https://pic4.zhimg.com/v2-5b8fb6cacf6ebfbeee0fd62feecbf628_is.jpg,https://pic4.zhimg.com/v2-5b8fb6cacf6ebfbeee0fd62feecbf628_{size}.jpg,[],483,0,,ce8b5e0893117e1078f5ba7285fc85ac,False,False,False,False,走走停停,people,http://www.zhihu.com/api/v4/people/ce8b5e0893117e1078f5ba7285fc85ac,zou-zou-ting-ting-45-88,people
15,7,0,https://pic3.zhimg.com/v2-73fc2bc930ef2dd923f18e213288395f_is.jpg,https://pic3.zhimg.com/v2-73fc2bc930ef2dd923f18e213288395f_{size}.jpg,[],188,0,程序媛里的万金油/什么都想知道一点点,a250f679777e95388456fb09a5216a22,False,False,False,False,Yvette,people,http://www.zhihu.com/api/v4/people/a250f679777e95388456fb09a5216a22,xiu-chen-chen,people
16,4,0,https://pic4.zhimg.com/v2-9718984c2c5e1cd54a0e246b235d0e6b_is.jpg,https://pic4.zhimg.com/v2-9718984c2c5e1cd54a0e246b235d0e6b_{size}.jpg,[],2442,0,旅行摄影师，家有八喵~,2f4f199d9d54d266cd15396850de8d56,False,False,False,False,刘顺儿妞,people,http://www.zhihu.com/api/v4/people/2f4f199d9d54d266cd15396850de8d56,secretphotography,people
17,4,0,https://pic4.zhimg.com/a1351de3bf688e6f912b9933eb0e0965_is.jpg,https://pic4.zhimg.com/a1351de3bf688e6f912b9933eb0e0965_{size}.jpg,[],13964,0,哦，所以呢？,2415bb612dc3bc7343de989778d270b1,False,False,False,False,狸发财,people,http://www.zhihu.com/api/v4/people/2415bb612dc3bc7343de989778d270b1,mo-mo-jiang-45,people
18,7,0,https://pic1.zhimg.com/19881ed6d_is.jpg,https://pic1.zhimg.com/19881ed6d_{size}.jpg,[],6801,0,十方观遍，庸人恋阙,5d714a779f614407cb2e7dbcfeb3c867,False,False,False,False,Gluttony,people,http://www.zhihu.com/api/v4/people/5d714a779f614407cb2e7dbcfeb3c867,gluttony-97,people
19,63,0,https://pic2.zhimg.com/v2-930ee46a53e0c56dbe4ce991add2fce6_is.jpg,https://pic2.zhimg.com/v2-930ee46a53e0c56dbe4ce991add2fce6_{size}.jpg,[],266,0,,829090789e6c1218f85548ecd3254855,False,False,False,False,阿绿,people,http://www.zhihu.com/api/v4/people/829090789e6c1218f85548ecd3254855,zhu-zhi-hui-48,people
20,1,0,https://pic3.zhimg.com/v2-8b8dafb1da5f4ff07752fc3cb4f594a3_is.jpg,https://pic3.zhimg.com/v2-8b8dafb1da5f4ff07752fc3cb4f594a3_{size}.jpg,[],1929,0,半职业模特 火锅爱好者,b67c5c26fe8bf08b41d9631e9efd4880,False,False,False,False,chili,people,http://www.zhihu.com/api/v4/people/b67c5c26fe8bf08b41d9631e9efd4880,ma-tian-jiao-92,people
21,47,0,https://pic3.zhimg.com/v2-960e874691cd148ebd7956c8d160ebdd_is.jpg,https://pic3.zhimg.com/v2-960e874691cd148ebd7956c8d160ebdd_{size}.jpg,[],4428,0,无法实名的装逼大佬,0ae58bd6c9eb3db83f9bd0c9bf36f9f2,False,False,False,False,龙滚天,people,http://www.zhihu.com/api/v4/people/0ae58bd6c9eb3db83f9bd0c9bf36f9f2,xeboy,people
22,21,2,https://pic1.zhimg.com/v2-c7b8fd76098ef899063f2bbd66dbcc9a_is.jpg,https://pic1.zhimg.com/v2-c7b8fd76098ef899063f2bbd66dbcc9a_{size}.jpg,[],5361,-1,世界那么大 我带你去看美少女,73580c8acc0629baf79da175124cf3d4,False,False,False,False,少女写真馆,people,http://www.zhihu.com/api/v4/people/73580c8acc0629baf79da175124cf3d4,lu-bai-wan-69,people
23,3,0,https://pic1.zhimg.com/v2-5d4358ce7516fa74640ed1f24bbb3e58_is.jpg,https://pic1.zhimg.com/v2-5d4358ce7516fa74640ed1f24bbb3e58_{size}.jpg,[],1402,0,法律,f1cd803750c95c93dab196cd0210252b,False,False,False,False,Olivia T,people,http://www.zhihu.com/api/v4/people/f1cd803750c95c93dab196cd0210252b,olivia-t-79,people
24,9,0,https://pic3.zhimg.com/735508b7b_is.jpg,https://pic3.zhimg.com/735508b7b_{size}.jpg,[],532,0,微信wangkeyyyy,732b64cf571d83d69afb50fbb1403a71,False,False,False,False,mollymolly,people,http://www.zhihu.com/api/v4/people/732b64cf571d83d69afb50fbb1403a71,qian-molly,people
25,53,1,https://pic4.zhimg.com/v2-a39641f13aca52dc65b38721d38f7fd7_is.jpg,https://pic4.zhimg.com/v2-a39641f13aca52dc65b38721d38f7fd7_{size}.jpg,[],82,0,设计师,9c3eb0fef0d6973b1deb0d6bdbda2a8c,False,False,False,False,吃喝玩乐,people,http://www.zhihu.com/api/v4/people/9c3eb0fef0d6973b1deb0d6bdbda2a8c,wu-xiao-mi-57-60,people
26,13,0,https://pic4.zhimg.com/v2-4cf8bce27f6e748b97bf57b64a2f4a38_is.jpg,https://pic4.zhimg.com/v2-4cf8bce27f6e748b97bf57b64a2f4a38_{size}.jpg,[],413,0,,c0009bbd693b7537cba7ab828fb62d3f,False,False,False,False,鱼丸宝宝,people,http://www.zhihu.com/api/v4/people/c0009bbd693b7537cba7ab828fb62d3f,shi-yu-ji-27,people
27,2,0,https://pic4.zhimg.com/v2-091387a4f2e38dfeb35da8aeb2802f0a_is.jpg,https://pic4.zhimg.com/v2-091387a4f2e38dfeb35da8aeb2802f0a_{size}.jpg,[],63,0,,c2c230e7783ee94ed0b7e0f7d6993a95,False,False,False,False,小纠结,people,http://www.zhihu.com/api/v4/people/c2c230e7783ee94ed0b7e0f7d6993a95,jiu-jie-14-77,people
28,2,0,https://pic3.zhimg.com/v2-aa873ec6ed18bc8f24d4fec5b7f9fc6e_is.jpg,https://pic3.zhimg.com/v2-aa873ec6ed18bc8f24d4fec5b7f9fc6e_{size}.jpg,[],436,0,,4a5336a3d140b24fb80fc68e0e2b7d7f,False,False,False,False,阿珂喵喵,people,http://www.zhihu.com/api/v4/people/4a5336a3d140b24fb80fc68e0e2b7d7f,lau-68-74,people
29,11,58,https://pic1.zhimg.com/47706a8b82aa3c2a924031fbbb335cbe_is.jpg,https://pic1.zhimg.com/47706a8b82aa3c2a924031fbbb335cbe_{size}.jpg,[],3548,1,研究大数据的吃货,6b0881df6b0d9c527fd82bedd4e57dda,False,False,False,False,飞总,people,http://www.zhihu.com/api/v4/people/6b0881df6b0d9c527fd82bedd4e57dda,fei-zong-55,people
30,8,0,https://pic1.zhimg.com/v2-579655e99c211b33050c267d1270ae84_is.jpg,https://pic1.zhimg.com/v2-579655e99c211b33050c267d1270ae84_{size}.jpg,[],3227,0,明明是狗 非要做猫,0b0bf9c0f0ac1d5aa045b574814efb29,False,False,False,False,一桶大猫,people,http://www.zhihu.com/api/v4/people/0b0bf9c0f0ac1d5aa045b574814efb29,da-mao-58-10,people
31,0,0,https://pic1.zhimg.com/v2-e90f0495d1fc8f6b0c46095288bbcc22_is.jpg,https://pic1.zhimg.com/v2-e90f0495d1fc8f6b0c46095288bbcc22_{size}.jpg,[],495,0,x,393194692708eeab54bcbd0c85d093ff,False,False,False,False,桃 汁,people,http://www.zhihu.com/api/v4/people/393194692708eeab54bcbd0c85d093ff,chen-piao-piao-31,people
32,8,0,https://pic1.zhimg.com/v2-fbed2349df2c53c944680b1a2ce5d355_is.jpg,https://pic1.zhimg.com/v2-fbed2349df2c53c944680b1a2ce5d355_{size}.jpg,[],2276,0,动漫控,d89731fd0bf02a229233e8aa44b5b06e,False,False,False,False,Jasmine,people,http://www.zhihu.com/api/v4/people/d89731fd0bf02a229233e8aa44b5b06e,jasmine-75-6,people
33,72,0,https://pic4.zhimg.com/v2-8c21c1003f019f16d3e742dfb38de9a0_is.jpg,https://pic4.zhimg.com/v2-8c21c1003f019f16d3e742dfb38de9a0_{size}.jpg,[],2541,0,劝你别在评论惹我,dc8ded4e62e2776e38e1316b61a94b16,False,False,False,False,沉照,people,http://www.zhihu.com/api/v4/people/dc8ded4e62e2776e38e1316b61a94b16,su-mo-30,people
34,10,0,https://pic1.zhimg.com/v2-4ab6bc3db02c98d3ec5fb4decb93ee10_is.jpg,https://pic1.zhimg.com/v2-4ab6bc3db02c98d3ec5fb4decb93ee10_{size}.jpg,[],346,0,想做个自信的人,336b04bf1961b9f1389a5c401f183ad2,False,False,False,False,霍奕辰,people,http://www.zhihu.com/api/v4/people/336b04bf1961b9f1389a5c401f183ad2,huo-yi-chen-32,people
35,20,0,https://pic4.zhimg.com/v2-2d7b9851d3f7d3b17c6dc75b316aaf53_is.jpg,https://pic4.zhimg.com/v2-2d7b9851d3f7d3b17c6dc75b316aaf53_{size}.jpg,[],2201,0,艺术，设计，旅行，健身,825c9d224b4c280563788841806142ad,False,False,False,False,vivi安,people,http://www.zhihu.com/api/v4/people/825c9d224b4c280563788841806142ad,vivian-14-30-64,people
36,22,0,https://pic1.zhimg.com/v2-218ba3d9f46391ccc25e04c6c7270e3a_is.jpg,https://pic1.zhimg.com/v2-218ba3d9f46391ccc25e04c6c7270e3a_{size}.jpg,[],181,0,苦命挣扎于教育行业的健身妞,188e738115833b162007271af4aad008,False,False,False,False,软画画,people,http://www.zhihu.com/api/v4/people/188e738115833b162007271af4aad008,tu-bao-56-97,people
37,267,0,https://pic4.zhimg.com/v2-d99e80d2dbf94ffe07385c3620d7760a_is.jpg,https://pic4.zhimg.com/v2-d99e80d2dbf94ffe07385c3620d7760a_{size}.jpg,[],2382,0,留言回复需谨慎，极端歧视没教养的龌龊男,0cc67f2141f6ba418e354311346a7d79,False,False,False,False,贺小楼,people,http://www.zhihu.com/api/v4/people/0cc67f2141f6ba418e354311346a7d79,he-xiao-lou-42,people
38,42,3,https://pic4.zhimg.com/v2-cfea49d5daccceb291f0ffda030ce9e1_is.jpg,https://pic4.zhimg.com/v2-cfea49d5daccceb291f0ffda030ce9e1_{size}.jpg,[],180,0,今年灯市已前尘，何况去年人。,592306d60ffda26f4f60d81f9581d34a,False,False,False,False,简兮,people,http://www.zhihu.com/api/v4/people/592306d60ffda26f4f60d81f9581d34a,shellen-29,people
39,88,2,https://pic2.zhimg.com/v2-b9713cd63d4c18c45276fdb1807b4321_is.jpg,https://pic2.zhimg.com/v2-b9713cd63d4c18c45276fdb1807b4321_{size}.jpg,[],2496,0,"你还在眺望海洋，
始终也回不到家乡。",bfe923d0416c18cb304c568c2f9eb56d,False,False,False,False,清芷,people,http://www.zhihu.com/api/v4/people/bfe923d0416c18cb304c568c2f9eb56d,sairaimiss,people
40,3,0,https://pic1.zhimg.com/v2-8f3b5f2f0805ebca82bf4051a15d9ce3_is.jpg,https://pic1.zhimg.com/v2-8f3b5f2f0805ebca82bf4051a15d9ce3_{size}.jpg,[],396,0,羞答答的玫瑰静悄悄的开,d1de7fd26841831fc3aad7dba484a109,False,False,False,False,凉凉,people,http://www.zhihu.com/api/v4/people/d1de7fd26841831fc3aad7dba484a109,liang-liang-20-51-87,people
41,1,0,https://pic4.zhimg.com/v2-9ef894b999cd22a08c0e79b3d79335e1_is.jpg,https://pic4.zhimg.com/v2-9ef894b999cd22a08c0e79b3d79335e1_{size}.jpg,[],767,0,,61d5f66371ad1f7b2469b5862e37c369,False,False,False,False,哟哟切克闹,people,http://www.zhihu.com/api/v4/people/61d5f66371ad1f7b2469b5862e37c369,yo-yo-qie-ke-nao-7-21,people
42,4,0,https://pic4.zhimg.com/v2-499c2022e1b846e72c3287e04cfc59ee_is.jpg,https://pic4.zhimg.com/v2-499c2022e1b846e72c3287e04cfc59ee_{size}.jpg,[],1894,0,情趣店主wx:Miss_bingbing2018,00d21293d953223e851feb285494c994,False,False,False,False,谁家百合,people,http://www.zhihu.com/api/v4/people/00d21293d953223e851feb285494c994,shui-jia-bai-he,people
43,30,1,https://pic1.zhimg.com/v2-c9789361836c63cc4c33eea64f37cbbc_is.jpg,https://pic1.zhimg.com/v2-c9789361836c63cc4c33eea64f37cbbc_{size}.jpg,[],3050,0,一个腿很长的美食博主 | ENFP | 大一商科生,60ad0737ebfcfa78ea76cce5226afa11,False,False,False,False,Cynthia Ke,people,http://www.zhihu.com/api/v4/people/60ad0737ebfcfa78ea76cce5226afa11,cha-er-mei-te-jiang,people
44,15,1,https://pic2.zhimg.com/v2-a77cbd43339c2f6862a5b6e0c095e605_is.jpg,https://pic2.zhimg.com/v2-a77cbd43339c2f6862a5b6e0c095e605_{size}.jpg,[],5337,0,大胃王/单词王/就不修图/小男孩,dfc7dec13d45ab99794f4901431f1b35,False,False,False,False,冯妥坨,people,http://www.zhihu.com/api/v4/people/dfc7dec13d45ab99794f4901431f1b35,feng-yi-yi-57-98,people
45,0,0,https://pic2.zhimg.com/v2-0e61abe63405450d9657774235ce5839_is.jpg,https://pic2.zhimg.com/v2-0e61abe63405450d9657774235ce5839_{size}.jpg,[],1280,0,,f73c731f68437d2b580ae6b07211ddd7,False,False,False,False,原帖已删,people,http://www.zhihu.com/api/v4/people/f73c731f68437d2b580ae6b07211ddd7,shao-ya-lei-9,people
46,11,0,https://pic1.zhimg.com/v2-4fed08ee6df285a54f2f5f1b04b59d14_is.jpg,https://pic1.zhimg.com/v2-4fed08ee6df285a54f2f5f1b04b59d14_{size}.jpg,[],1673,0,社会主义接班人,a344498165858775ec9afc88ec6398f9,False,False,False,False,我要过四级,people,http://www.zhihu.com/api/v4/people/a344498165858775ec9afc88ec6398f9,xue-bi-43-78,people
47,911,1,https://pic7.zhimg.com/v2-413d51778f2d198f80a60a6f07bcac40_is.jpg,https://pic7.zhimg.com/v2-413d51778f2d198f80a60a6f07bcac40_{size}.jpg,[],27550,1,想要逃离硅谷的奶爸,0d89357c30bde2923810fd817491e923,False,False,False,False,豆子彩虹爸,people,http://www.zhihu.com/api/v4/people/0d89357c30bde2923810fd817491e923,lu-zhi-hu-92,people
48,6,0,https://pic1.zhimg.com/v2-5b55b8eca0961457f5d487762033ff66_is.jpg,https://pic1.zhimg.com/v2-5b55b8eca0961457f5d487762033ff66_{size}.jpg,[],1380,0,,dc6ecc2960233b5e3210c0839defdb6f,False,False,False,False,犯罪级傲娇,people,http://www.zhihu.com/api/v4/people/dc6ecc2960233b5e3210c0839defdb6f,jiang-heng-47,people
49,2,153,https://pic1.zhimg.com/v2-a0782b93fcd115dc87fe2e2e777fe967_is.jpg,https://pic1.zhimg.com/v2-a0782b93fcd115dc87fe2e2e777fe967_{size}.jpg,[],5821,-1,爱微软，爱这里！,40720a0c4d4c27024f2a60c357f51599,False,False,False,False,Microsoft资讯,people,http://www.zhihu.com/api/v4/people/40720a0c4d4c27024f2a60c357f51599,microsoftnews,people
50,46,0,https://pic1.zhimg.com/v2-10f14296b7f31d36e5bab419aad0bba9_is.jpg,https://pic1.zhimg.com/v2-10f14296b7f31d36e5bab419aad0bba9_{size}.jpg,[],4556,0,,ffd537cdc3b3c8eb0c4f8b73dc53e703,False,False,False,False,MIKYOU MIKA,people,http://www.zhihu.com/api/v4/people/ffd537cdc3b3c8eb0c4f8b73dc53e703,yu-jie-luo-li,people
51,4,0,https://pic4.zhimg.com/v2-68bb81cb21b9c27b57e9917edd48f2a7_is.jpg,https://pic4.zhimg.com/v2-68bb81cb21b9c27b57e9917edd48f2a7_{size}.jpg,[],744,0,知落而不落,ff779ace85668924577db35c19f37992,False,False,False,False,朱丽叶,people,http://www.zhihu.com/api/v4/people/ff779ace85668924577db35c19f37992,zhu-li-xie-70-88,people
52,5,0,https://pic2.zhimg.com/v2-5f7e20a1335cac75a95bbfc5b066c548_is.jpg,https://pic2.zhimg.com/v2-5f7e20a1335cac75a95bbfc5b066c548_{size}.jpg,[],118,0,无知少女,fd6a1adb1613e2b72e6ce0f58d01d545,False,False,False,False,pobo,people,http://www.zhihu.com/api/v4/people/fd6a1adb1613e2b72e6ce0f58d01d545,kiyo-78-21,people
53,2,0,https://pic2.zhimg.com/v2-f233c13934c08d71d98b168397a4cdef_is.jpg,https://pic2.zhimg.com/v2-f233c13934c08d71d98b168397a4cdef_{size}.jpg,[],1123,0,喵呜,197c5ea1adfd8bb3616b471f3f93c4ec,False,False,False,False,Camellia门牙君,people,http://www.zhihu.com/api/v4/people/197c5ea1adfd8bb3616b471f3f93c4ec,cameowllia,people
54,5,0,https://pic1.zhimg.com/3986b91660c265ecc9bf95e26142f0d8_is.jpg,https://pic1.zhimg.com/3986b91660c265ecc9bf95e26142f0d8_{size}.jpg,[],1275,0,全球知名商学院区域负责人,1d1cb02457cc6da1fa65d73b0f96f503,False,False,False,False,Kristina,people,http://www.zhihu.com/api/v4/people/1d1cb02457cc6da1fa65d73b0f96f503,tao-tao-9-48,people
55,1,0,https://pic4.zhimg.com/v2-afbcb2681c88b2639e892dbd4e604742_is.jpg,https://pic4.zhimg.com/v2-afbcb2681c88b2639e892dbd4e604742_{size}.jpg,[],707,0,知乎小透明,d19a4e44957efe6f43609f9e498e1dd8,False,False,False,False,Chinggd,people,http://www.zhihu.com/api/v4/people/d19a4e44957efe6f43609f9e498e1dd8,chinggd,people
56,35,0,https://pic4.zhimg.com/v2-062f4d23a47478e143368fa0e576df09_is.jpg,https://pic4.zhimg.com/v2-062f4d23a47478e143368fa0e576df09_{size}.jpg,[],27,0,,984c6dd02e9d94ee09295f838e0fec42,False,False,False,False,小白,people,http://www.zhihu.com/api/v4/people/984c6dd02e9d94ee09295f838e0fec42,su-jiao-9-31,people
57,22,0,https://pic1.zhimg.com/v2-a2cf82fcb57edc4361597ac8e8b627c7_is.jpg,https://pic1.zhimg.com/v2-a2cf82fcb57edc4361597ac8e8b627c7_{size}.jpg,[],207,0,人像摄影/微博：_秀官-余晖_,cfd5d0233235d25f648e8ae8d5c66dd5,False,False,False,False,秀官余晖,people,http://www.zhihu.com/api/v4/people/cfd5d0233235d25f648e8ae8d5c66dd5,yu-hui-73-82,people
58,24,0,https://pic3.zhimg.com/v2-017536ecc818618a1d4f9a0d0793a2eb_is.jpg,https://pic3.zhimg.com/v2-017536ecc818618a1d4f9a0d0793a2eb_{size}.jpg,[],431,0,头像不是本尊，头像不是本尊，头像不是本尊,bc8122fac0b71dd27595e67462eb0d1e,False,False,False,False,sino lee,people,http://www.zhihu.com/api/v4/people/bc8122fac0b71dd27595e67462eb0d1e,sino-lee-78,people
59,4,0,https://pic3.zhimg.com/v2-a12a31a9785c7ae431f7c8ade4808cea_is.jpg,https://pic3.zhimg.com/v2-a12a31a9785c7ae431f7c8ade4808cea_{size}.jpg,[],751,0,追求时尚 喜欢复刻表的朋友可以关注： 理查德表匠   ,3e0c6adbe00235caa8a1e95838986ddd,False,False,False,False,Zu朱莉,people,http://www.zhihu.com/api/v4/people/3e0c6adbe00235caa8a1e95838986ddd,zuzhu-li,people
